engine_id,cycle,op_setting_1,op_setting_2,op_setting_3,sensor_1,sensor_2,sensor_3,sensor_4,sensor_5,sensor_6,sensor_7,sensor_8,sensor_9,sensor_10,sensor_11,sensor_12,sensor_13,sensor_14,sensor_15,sensor_16,sensor_17,sensor_18,sensor_19,sensor_20,sensor_21,RUL,sensor_2_avg5,sensor_2_avg10,sensor_2_avg20,sensor_2_avg30,sensor_4_avg5,sensor_4_avg10,sensor_4_avg20,sensor_4_avg30,sensor_11_avg5,sensor_11_avg10,sensor_11_avg20,sensor_11_avg30,sensor_15_avg5,sensor_15_avg10,sensor_15_avg20,sensor_15_avg30,sensor_17_avg5,sensor_17_avg10,sensor_17_avg20,sensor_17_avg30,sensor_2_diff,sensor_4_diff,sensor_11_diff,sensor_15_diff,sensor_17_diff,Health_Status,Health_Score,Predicted_RUL,Recommendation
1,46,0.0003,0.0001,100.0,518.67,642.43,1588.29,1401.27,14.62,21.61,553.76,2388.06,9060.38,1.3,47.2,522.02,2388.08,8128.71,8.3977,0.03,393,2388,100.0,38.93,23.3745,146,642.25,642.182,642.265,642.3306666666666,1401.8120000000001,1401.313,1400.9940000000001,1400.3083333333334,47.382000000000005,47.301,47.32000000000001,47.30166666666666,8.40964,8.41076,8.413644999999999,8.41407,392.4,392.2,391.95,392.03333333333336,-0.10000000000002274,2.1099999999999,-0.25,-0.012199999999999989,0.0,Healthy,55,153.775087535014,Operating Normally
2,10,-0.0045,0.0002,100.0,518.67,641.99,1586.37,1394.86,14.62,21.6,554.63,2387.99,9058.88,1.3,47.21,521.99,2387.97,8138.64,8.3982,0.03,391,2388,100.0,39.2,23.6005,277,641.97,641.852,641.852,641.852,1396.534,1396.464,1396.464,1396.464,47.14,47.144,47.144,47.144,8.38904,8.392109999999999,8.392109999999999,8.392109999999999,391.0,391.0,391.0,391.0,0.009999999999990905,-0.15000000000009095,0.07000000000000028,0.011400000000000077,1.0,Healthy,100,277.19666666666666,Operating Normally
3,79,0.0006,0.0004,100.0,518.67,642.31,1582.4,1403.49,14.62,21.61,553.6,2388.03,9063.54,1.3,47.28,522.72,2388.0,8144.12,8.384,0.03,393,2388,100.0,38.92,23.3451,100,642.4979999999999,642.5350000000001,642.3695,642.372,1404.466,1401.6290000000001,1401.428,1401.5736666666667,47.284000000000006,47.314,47.30499999999999,47.291333333333334,8.4049,8.406360000000001,8.41473,8.411126666666666,392.0,392.0,392.25,392.1,-0.12000000000000455,2.9600000000000364,-0.10000000000000142,-0.03340000000000032,3.0,Warning,44,123.26477639852426,Schedule Maintenance Soon
4,185,-0.0031,0.0005,100.0,518.67,643.27,1607.57,1429.22,14.62,21.61,551.91,2388.1,9184.41,1.3,48.19,520.12,2388.12,8246.77,8.5254,0.03,396,2388,100.0,38.47,23.118,4,643.594,643.504,643.3325,643.2293333333333,1425.102,1425.9029999999998,1421.413,1419.4366666666667,48.044,47.985,47.902,47.82966666666666,8.50378,8.50284,8.493735,8.483703333333333,396.2,396.1,395.95,395.3666666666667,-0.17000000000007276,2.9500000000000455,0.14999999999999858,0.02430000000000021,1.0,Critical,2,4.398394450177732,Immediate Maintenance Required
5,31,-0.0014,-0.0003,100.0,518.67,642.06,1585.84,1402.33,14.62,21.61,554.3,2387.97,9064.3,1.3,47.08,522.24,2387.99,8146.32,8.3824,0.03,391,2388,100.0,39.12,23.5503,238,642.278,642.113,642.0550000000001,642.102,1397.898,1398.461,1397.0629999999999,1396.177,47.12,47.155,47.13199999999999,47.150333333333336,8.39194,8.38813,8.39629,8.398176666666666,391.0,391.4,391.45,391.46666666666664,-0.6000000000000227,4.639999999999873,-0.1600000000000037,-0.021399999999999864,-1.0,Healthy,84,231.8366506479184,Operating Normally
6,184,0.0022,0.0004,100.0,518.67,643.52,1598.05,1432.22,14.62,21.61,551.31,2388.25,9031.12,1.3,48.07,519.42,2388.3,8110.1,8.4857,0.03,397,2388,100.0,38.58,22.9949,4,643.746,643.714,643.663,643.5229999999999,1428.756,1426.554,1426.065,1424.3369999999998,48.134,48.131,48.087,48.04066666666667,8.50132,8.505120000000002,8.498305,8.494403333333333,396.2,396.1,395.75,395.5,-0.4900000000000091,1.75,0.020000000000003126,-0.04370000000000118,1.0,Critical,1,3.4566666666666666,Immediate Maintenance Required
7,67,0.0005,0.0,100.0,518.67,642.61,1582.7,1402.68,14.62,21.61,554.02,2388.0,9070.66,1.3,47.35,522.2,2388.01,8149.89,8.3811,0.03,391,2388,100.0,38.94,23.2758,192,642.472,642.316,642.297,642.3163333333334,1399.684,1398.673,1398.5980000000002,1398.9579999999999,47.3,47.277,47.272499999999994,47.26133333333334,8.40762,8.404300000000001,8.40867,8.408676666666667,391.4,391.2,391.55,391.56666666666666,0.07000000000005002,3.4500000000000455,-0.07000000000000028,-0.021599999999999397,-2.0,Healthy,66,183.52179966329965,Operating Normally
8,74,0.0003,0.0003,100.0,518.67,643.27,1589.11,1406.93,14.62,21.61,553.28,2388.17,9044.45,1.3,47.55,520.98,2388.15,8124.58,8.4337,0.03,394,2388,100.0,38.79,23.2157,76,642.836,642.7819999999999,642.7270000000001,642.721,1410.76,1411.295,1410.3094999999998,1410.1760000000002,47.63,47.647999999999996,47.6375,47.626,8.44496,8.44895,8.451350000000001,8.447806666666667,393.8,393.9,393.55,393.5,0.5099999999999909,-5.970000000000027,-0.15000000000000568,-0.027699999999999392,1.0,Warning,29,81.77009579550882,Schedule Maintenance Soon
9,96,0.001,-0.0001,100.0,518.67,642.41,1584.72,1397.68,14.62,21.61,554.18,2387.96,9068.23,1.3,47.35,521.87,2388.01,8152.14,8.4256,0.03,391,2388,100.0,39.03,23.4274,105,642.1879999999999,642.169,642.072,642.0669999999999,1399.8700000000001,1399.687,1400.1235000000001,1400.6046666666668,47.312,47.27,47.259,47.258,8.39324,8.39221,8.401065,8.399456666666667,391.4,391.5,391.75,391.7,0.029999999999972715,2.6000000000001364,0.1700000000000017,-0.00020000000000131024,-1.0,Warning,39,108.31388262933595,Schedule Maintenance Soon
10,155,-0.0059,-0.0003,100.0,518.67,642.79,1583.61,1408.72,14.62,21.61,553.47,2388.04,9065.61,1.3,47.54,521.11,2388.05,8150.01,8.3938,0.03,395,2388,100.0,38.79,23.3395,67,642.438,642.391,642.366,642.4050000000001,1405.426,1405.8650000000002,1404.6339999999998,1404.5876666666666,47.470000000000006,47.42100000000001,47.382999999999996,47.365,8.41896,8.41741,8.417910000000001,8.420350000000001,392.6,392.7,392.7,392.53333333333336,0.7699999999999818,6.009999999999991,0.01999999999999602,-0.019199999999999662,4.0,Warning,29,80.04113405379255,Schedule Maintenance Soon
11,25,0.0014,-0.0004,100.0,518.67,641.73,1580.23,1403.54,14.62,21.61,555.36,2388.05,9055.87,1.3,47.3,522.64,2387.99,8137.69,8.391,0.03,394,2388,100.0,38.73,23.272,215,642.13,642.183,642.2125,642.1928,1399.4479999999999,1398.445,1399.2559999999999,1398.2136,47.236000000000004,47.233000000000004,47.208000000000006,47.2136,8.396519999999999,8.39973,8.392305,8.390548,392.2,391.9,391.75,391.68,-0.4199999999999591,3.230000000000018,0.14999999999999858,-0.021399999999999864,2.0,Healthy,74,205.79136201182726,Operating Normally
12,140,0.0009,0.0002,100.0,518.67,643.04,1589.71,1418.94,14.62,21.61,553.26,2388.27,9048.85,1.3,47.77,520.49,2388.22,8122.92,8.4778,0.03,394,2388,100.0,38.63,23.1876,30,643.008,643.049,643.0455,643.0496666666666,1419.162,1419.8020000000001,1418.9940000000001,1417.1736666666666,47.878,47.844,47.815,47.781666666666666,8.47456,8.47999,8.468525,8.464653333333334,394.6,394.7,394.35,394.1,0.16999999999995907,-8.700000000000045,0.0,0.013700000000000045,-2.0,Critical,11,31.132703856257262,Immediate Maintenance Required
13,136,0.0003,0.0003,100.0,518.67,643.24,1599.02,1417.34,14.62,21.61,552.61,2388.12,9096.29,1.3,47.78,520.82,2388.14,8171.5,8.4764,0.03,395,2388,100.0,38.49,23.1211,27,643.206,643.0719999999999,643.0165,643.0113333333334,1419.002,1417.349,1415.798,1414.861,47.8,47.781000000000006,47.7395,47.70966666666667,8.47444,8.4598,8.457835,8.45893,394.0,394.3,394.3,394.1666666666667,0.2599999999999909,-0.44000000000005457,0.020000000000003126,-0.02740000000000009,2.0,Critical,10,28.96840883753927,Immediate Maintenance Required
14,20,0.0001,-0.0002,100.0,518.67,642.65,1589.79,1407.12,14.62,21.61,553.24,2388.1,9060.2,1.3,47.45,521.44,2388.07,8133.81,8.394,0.03,393,2388,100.0,38.97,23.2942,160,642.568,642.577,642.6034999999999,642.6034999999999,1404.5400000000002,1405.616,1406.5865,1406.5865,47.528,47.543,47.4775,47.4775,8.427940000000001,8.426350000000001,8.432649999999999,8.432649999999999,393.0,393.4,393.35,393.35,0.11000000000001364,0.4199999999998454,-0.1699999999999946,-0.04839999999999911,2.0,Healthy,57,159.11059662244045,Operating Normally
15,162,0.0021,-0.0,100.0,518.67,642.85,1593.57,1409.35,14.62,21.61,553.6,2388.1,9065.83,1.3,47.59,521.24,2388.07,8135.21,8.4355,0.03,393,2388,100.0,38.85,23.352,45,642.8280000000001,642.827,642.72,642.6396666666666,1408.7220000000002,1408.274,1407.114,1406.4156666666665,47.666000000000004,47.6,47.55,47.51233333333334,8.44768,8.44222,8.441514999999999,8.440416666666666,392.8,393.0,392.9,392.8666666666667,-0.07999999999992724,-0.5500000000001819,-0.1699999999999946,-0.03250000000000064,0.0,Warning,20,54.14787775549731,Schedule Maintenance Soon
16,31,-0.0016,-0.0003,100.0,518.67,642.79,1593.29,1414.7,14.62,21.61,553.23,2388.14,9066.42,1.3,47.61,521.67,2388.12,8140.06,8.4621,0.03,392,2388,100.0,38.7,23.3235,178,642.6899999999999,642.67,642.715,642.757,1409.6779999999999,1407.572,1409.2495,1408.9643333333333,47.617999999999995,47.625,47.6085,47.59866666666666,8.45994,8.45719,8.456685,8.453439999999999,393.6,393.2,393.3,393.2,0.2199999999999136,7.990000000000009,0.14000000000000057,0.00140000000000029,-1.0,Healthy,65,179.11467393753205,Operating Normally
17,31,0.0,0.0003,100.0,518.67,642.21,1577.4,1400.16,14.62,21.61,554.3,2388.02,9053.12,1.3,47.28,522.21,2388.0,8141.78,8.3891,0.03,391,2388,100.0,38.94,23.3951,245,642.268,642.213,642.0350000000001,642.0723333333333,1395.7,1396.808,1397.322,1397.4693333333335,47.20399999999999,47.217,47.1925,47.202666666666666,8.41176,8.40665,8.40264,8.399040000000001,392.8,392.4,391.95,391.9,0.16000000000008185,6.3900000000001,0.10999999999999943,-0.02850000000000108,-2.0,Healthy,84,232.46319282181776,Operating Normally
18,139,-0.0006,0.0002,100.0,518.67,642.44,1591.67,1397.75,14.62,21.61,553.03,2388.02,9092.44,1.3,47.35,522.03,2388.03,8163.4,8.4336,0.03,394,2388,100.0,38.71,23.3199,56,642.5260000000001,642.657,642.4970000000001,642.419,1403.226,1403.461,1402.0915,1402.8103333333333,47.398,47.368,47.3495,47.348,8.440560000000001,8.44018,8.427455,8.42723,393.6,393.2,392.7,392.3666666666667,-0.14999999999997726,-11.259999999999991,0.14999999999999858,-0.03449999999999953,0.0,Warning,22,60.591598065299074,Schedule Maintenance Soon
19,129,0.0018,0.0004,100.0,518.67,643.44,1589.42,1420.91,14.62,21.61,552.27,2388.19,9043.52,1.3,47.94,520.86,2388.19,8123.83,8.4572,0.03,394,2388,100.0,38.51,23.2079,29,643.3140000000001,643.251,643.184,643.1023333333334,1420.216,1419.3139999999999,1418.267,1416.9633333333334,47.962,47.903999999999996,47.8395,47.809000000000005,8.476140000000001,8.47571,8.476344999999998,8.47514,394.0,394.1,394.2,394.0,0.2600000000001046,1.4500000000000455,-0.13000000000000256,-0.023099999999999454,-1.0,Critical,10,26.65339947089947,Immediate Maintenance Required
20,70,0.0006,-0.0002,100.0,518.67,642.5,1590.96,1408.9,14.62,21.61,553.18,2388.1,9056.14,1.3,47.45,520.96,2388.1,8141.09,8.4021,0.03,393,2388,100.0,38.81,23.3289,164,642.356,642.423,642.6629999999999,642.6216666666667,1406.426,1407.368,1407.9805000000001,1407.8183333333332,47.452,47.446,47.48950000000001,47.49699999999999,8.441120000000002,8.43529,8.440815,8.440583333333333,392.8,392.8,392.85,393.1,0.22000000000002728,4.710000000000036,0.07000000000000028,-0.05519999999999925,0.0,Warning,53,147.46832045676317,Schedule Maintenance Soon
21,139,0.0004,0.0004,100.0,518.67,643.01,1594.76,1416.14,14.62,21.61,553.28,2388.08,9073.29,1.3,47.7,521.2,2388.15,8152.45,8.4359,0.03,392,2388,100.0,38.8,23.2491,56,642.708,642.7389999999999,642.7245,642.73,1409.342,1410.167,1409.654,1410.3410000000001,47.582,47.547,47.5555,47.55333333333333,8.4494,8.44616,8.445455,8.44673,393.2,393.7,393.15,393.1333333333333,0.2599999999999909,9.900000000000091,0.2600000000000051,0.0009999999999994458,-1.0,Warning,23,64.36651880035949,Schedule Maintenance Soon
22,96,-0.0031,0.0002,100.0,518.67,642.57,1594.05,1409.51,14.62,21.61,552.99,2388.18,9052.54,1.3,47.58,520.9,2388.19,8127.71,8.4624,0.03,395,2388,100.0,38.82,23.1353,106,642.742,642.83,642.7964999999999,642.8086666666666,1413.0880000000002,1412.34,1411.734,1411.388,47.61,47.662,47.6605,47.659,8.45692,8.45492,8.460065,8.45875,394.6,393.9,393.65,393.6,-0.35999999999989996,-6.1400000000001,0.01999999999999602,0.010400000000000631,1.0,Warning,37,103.78919047619048,Schedule Maintenance Soon
23,138,0.0028,-0.0004,100.0,518.67,643.3,1600.93,1419.12,14.62,21.61,552.41,2388.16,9052.86,1.3,47.94,521.02,2388.18,8133.11,8.51,0.03,394,2388,100.0,38.43,23.1726,30,643.14,643.1659999999999,643.0804999999999,643.105,1415.008,1417.056,1416.5359999999998,1415.1203333333333,47.852,47.815,47.7445,47.734,8.48788,8.480900000000002,8.472085,8.46814,394.8,394.5,394.3,394.1666666666667,0.2999999999999545,6.369999999999891,0.07000000000000028,0.07060000000000066,-3.0,Critical,10,27.461428571428574,Immediate Maintenance Required
24,126,0.0007,0.0004,100.0,518.67,642.91,1597.88,1418.2,14.62,21.61,552.9,2388.18,9056.52,1.3,47.92,520.47,2388.2,8135.28,8.4526,0.03,394,2388,100.0,38.74,23.1972,21,643.054,643.015,642.9530000000001,642.913,1416.1080000000002,1416.2559999999999,1414.0545,1412.0183333333332,47.757999999999996,47.729,47.666,47.629999999999995,8.47326,8.46221,8.459215,8.457600000000001,394.4,394.2,393.7,393.56666666666666,-0.2900000000000773,-3.2799999999999727,0.10000000000000142,-0.05940000000000012,0.0,Critical,9,24.564990098790105,Immediate Maintenance Required
25,218,0.0009,-0.0003,100.0,518.67,643.2,1601.87,1424.69,14.62,21.61,551.96,2388.1,9128.54,1.3,48.12,520.2,2388.16,8192.99,8.5042,0.03,395,2388,100.0,38.49,23.1001,12,643.3080000000001,643.3059999999999,643.3530000000001,643.2716666666668,1423.564,1424.219,1422.6100000000001,1420.7646666666667,47.980000000000004,47.955,47.893,47.873000000000005,8.51336,8.50239,8.49793,8.4913,396.2,395.9,395.6,395.3,0.14000000000010004,-6.769999999999982,0.1599999999999966,-0.02909999999999968,-2.0,Critical,4,10.803333333333333,Immediate Maintenance Required
26,83,-0.0008,-0.0005,100.0,518.67,642.51,1586.24,1412.74,14.62,21.61,552.78,2388.09,9046.34,1.3,47.71,521.39,2388.12,8131.79,8.4319,0.03,392,2388,100.0,38.81,23.2766,116,642.6300000000001,642.665,642.692,642.7426666666667,1409.886,1410.068,1410.3145,1409.9360000000001,47.536,47.540000000000006,47.541999999999994,47.54633333333334,8.46218,8.454640000000001,8.443285,8.44475,392.2,392.7,392.8,393.0,-0.37999999999999545,8.150000000000091,0.28999999999999915,-0.04699999999999882,-2.0,Warning,42,115.41330916705536,Schedule Maintenance Soon
27,97,0.0031,-0.0003,100.0,518.67,643.17,1584.43,1417.08,14.62,21.61,552.48,2388.1,9075.95,1.3,47.53,521.28,2388.13,8151.37,8.4153,0.03,392,2388,100.0,38.76,23.2503,59,642.828,642.729,642.6285,642.6513333333332,1413.4919999999997,1411.0929999999998,1410.4869999999999,1409.6443333333334,47.576,47.569,47.545,47.52733333333333,8.443560000000002,8.445559999999999,8.44334,8.437546666666666,393.0,393.2,393.2,393.1,0.5099999999999909,1.349999999999909,-0.14000000000000057,-0.06869999999999976,-1.0,Warning,24,65.49597621555287,Schedule Maintenance Soon
28,136,0.0023,0.0005,100.0,518.67,643.3,1590.51,1417.54,14.62,21.61,553.19,2388.12,9070.18,1.3,47.74,521.06,2388.11,8158.08,8.4334,0.03,393,2388,100.0,38.79,23.2216,29,642.9100000000001,642.8799999999999,642.783,642.6973333333334,1414.418,1411.9180000000001,1409.0935,1407.8406666666667,47.644000000000005,47.579,47.517,47.49166666666667,8.43766,8.44607,8.443985000000001,8.439506666666666,394.2,393.9,393.45,393.26666666666665,0.31999999999993634,1.5499999999999545,0.1700000000000017,0.02030000000000065,-2.0,Critical,13,37.28159722222222,Immediate Maintenance Required
29,136,-0.0011,-0.0005,100.0,518.67,643.09,1593.44,1415.61,14.62,21.61,553.04,2388.15,9060.64,1.3,47.98,520.37,2388.16,8135.69,8.4464,0.03,393,2388,100.0,38.57,23.1277,27,643.434,643.299,643.139,643.0516666666666,1415.354,1415.533,1414.502,1414.1186666666667,47.844,47.785,47.7245,47.666666666666664,8.467740000000001,8.46355,8.464375,8.4629,393.8,394.2,393.9,394.03333333333336,-0.5199999999999818,-1.6300000000001091,0.03999999999999915,-0.02919999999999945,-1.0,Critical,10,28.67437100103199,Immediate Maintenance Required
30,139,0.0011,-0.0004,100.0,518.67,642.29,1590.39,1408.71,14.62,21.61,553.44,2388.05,9060.32,1.3,47.6,521.57,2388.09,8144.41,8.4358,0.03,394,2388,100.0,38.79,23.2696,55,642.5440000000001,642.473,642.4565,642.395,1407.05,1405.4270000000001,1404.8315,1403.5240000000001,47.474000000000004,47.410000000000004,47.385000000000005,47.349000000000004,8.431819999999998,8.422270000000001,8.424150000000001,8.419986666666667,393.0,392.8,392.4,392.3666666666667,-0.4500000000000455,-3.230000000000018,0.020000000000003126,-0.00849999999999973,1.0,Warning,22,62.073714926043735,Schedule Maintenance Soon
31,70,-0.0017,-0.0002,100.0,518.67,641.95,1578.36,1390.86,14.62,21.61,554.37,2388.04,9058.4,1.3,47.37,522.48,2388.07,8143.0,8.3843,0.03,391,2388,100.0,39.07,23.4163,164,642.148,642.164,642.1865,642.1736666666667,1399.6899999999998,1400.0769999999998,1399.089,1398.74,47.262,47.257999999999996,47.241,47.215333333333334,8.39494,8.40067,8.400995,8.397353333333333,391.0,391.3,391.8,391.8333333333333,-0.1999999999999318,-12.009999999999991,0.0899999999999963,0.02459999999999951,0.0,Healthy,57,158.08455117926903,Operating Normally
32,153,-0.004,0.0002,100.0,518.67,643.43,1595.09,1414.1,14.62,21.61,552.59,2388.17,9074.86,1.3,47.76,520.23,2388.21,8140.38,8.4905,0.03,395,2388,100.0,38.42,23.0981,38,643.152,643.118,643.084,643.0326666666666,1415.782,1415.928,1417.3915000000002,1416.2050000000002,47.792,47.81,47.81,47.77533333333334,8.48088,8.47684,8.473600000000001,8.4731,394.6,394.7,394.75,394.4,-0.07000000000005002,-4.120000000000118,-0.020000000000003126,0.0063000000000013046,0.0,Critical,14,39.31008597883598,Immediate Maintenance Required
33,96,0.0001,0.0003,100.0,518.67,642.25,1587.25,1408.73,14.62,21.61,554.46,2388.05,9056.81,1.3,47.23,522.95,2388.02,8144.14,8.3929,0.03,392,2388,100.0,39.01,23.3023,104,642.2520000000001,642.234,642.287,642.244,1402.896,1401.046,1400.4795,1399.5020000000002,47.29600000000001,47.317,47.2645,47.24966666666667,8.40024,8.40973,8.40418,8.40142,391.6,391.8,391.5,391.6333333333333,0.2599999999999909,13.740000000000009,-0.05000000000000426,0.014399999999998414,0.0,Warning,40,109.91192682711694,Schedule Maintenance Soon
34,139,0.0004,-0.0001,100.0,518.67,642.77,1598.47,1411.32,14.62,21.61,552.86,2388.11,9078.56,1.3,47.67,520.57,2388.05,8157.22,8.4703,0.03,393,2388,100.0,38.71,23.3597,56,642.732,642.771,642.7545,642.6976666666667,1408.956,1411.581,1410.73,1410.1643333333334,47.576,47.563,47.562,47.545,8.4585,8.458070000000001,8.456525,8.452846666666666,394.0,394.0,393.75,393.56666666666666,-0.2300000000000182,5.099999999999909,0.03999999999999915,0.015700000000000713,0.0,Warning,20,55.822793792264385,Schedule Maintenance Soon
35,20,0.0011,0.0005,100.0,518.67,643.07,1592.18,1409.41,14.62,21.61,553.7,2388.05,9053.43,1.3,47.28,521.4,2388.07,8140.38,8.4165,0.03,393,2388,100.0,39.19,23.3626,161,642.4280000000001,642.452,642.413,642.413,1403.358,1403.165,1404.084,1404.084,47.372,47.343,47.346,47.346,8.40762,8.413969999999999,8.41442,8.41442,392.4,392.1,392.45,392.45,0.8400000000000318,2.1900000000000546,0.030000000000001137,0.006399999999999295,0.0,Healthy,59,162.49368733222786,Operating Normally
36,129,-0.0002,0.0002,100.0,518.67,643.16,1591.2,1412.58,14.62,21.61,552.0,2388.22,9064.46,1.3,47.98,519.96,2388.18,8136.91,8.4881,0.03,395,2388,100.0,38.66,23.1879,29,643.022,643.072,643.058,643.0016666666667,1418.402,1417.903,1415.929,1415.1906666666666,47.872,47.831999999999994,47.7875,47.76133333333333,8.491,8.48235,8.47843,8.470066666666666,394.4,394.5,394.35,394.0,0.2099999999999227,-9.650000000000091,0.25,-0.005000000000000782,1.0,Critical,10,28.40582905982906,Immediate Maintenance Required
37,140,-0.0039,-0.0001,100.0,518.67,643.12,1600.13,1412.81,14.62,21.61,552.06,2388.2,9044.98,1.3,47.79,520.19,2388.21,8117.33,8.5031,0.03,394,2388,100.0,38.6,23.1167,30,643.29,643.1679999999999,643.0780000000001,643.035,1415.124,1415.562,1415.5584999999999,1413.912,47.724000000000004,47.769999999999996,47.738,47.715,8.46336,8.470600000000001,8.471575,8.46709,393.8,393.8,393.75,393.8666666666667,-0.5499999999999545,-4.509999999999991,0.1700000000000017,0.022299999999999542,0.0,Critical,13,36.1835321067821,Immediate Maintenance Required
38,139,-0.0009,-0.0,100.0,518.67,642.55,1594.27,1415.12,14.62,21.61,553.19,2388.11,9073.27,1.3,47.73,521.22,2388.14,8144.58,8.4876,0.03,393,2388,100.0,38.74,23.258,55,642.808,642.889,642.8399999999999,642.8136666666667,1410.7839999999999,1411.9689999999998,1411.8505,1410.785,47.721999999999994,47.653999999999996,47.632999999999996,47.623333333333335,8.46284,8.450510000000001,8.453845,8.453883333333334,394.2,394.0,393.7,393.56666666666666,-0.6100000000000136,4.099999999999909,-0.060000000000002274,0.016600000000000392,-3.0,Warning,20,55.993443829318835,Schedule Maintenance Soon
39,56,-0.0,0.0002,100.0,518.67,642.96,1588.39,1414.37,14.62,21.61,552.26,2388.16,9039.91,1.3,47.68,520.8,2388.19,8124.11,8.4358,0.03,394,2388,100.0,38.82,23.2573,72,642.5519999999999,642.759,642.7845,642.7810000000001,1408.648,1409.883,1409.7869999999998,1409.3283333333336,47.568,47.540000000000006,47.552499999999995,47.550333333333334,8.452879999999999,8.44504,8.44297,8.43815,393.6,393.8,393.6,393.43333333333334,0.19000000000005457,7.169999999999845,0.10999999999999943,-0.0129999999999999,0.0,Warning,29,79.67485185185186,Schedule Maintenance Soon
40,184,0.002,-0.0002,100.0,518.67,643.59,1604.29,1425.46,14.62,21.61,551.38,2388.18,9129.43,1.3,48.08,520.31,2388.19,8199.71,8.5105,0.03,396,2388,100.0,38.54,23.0755,4,643.622,643.72,643.5965,643.4826666666667,1429.1240000000003,1426.032,1425.144,1423.8773333333334,48.124,48.07000000000001,48.006,47.955999999999996,8.51746,8.51049,8.505895,8.500663333333334,396.4,395.8,395.8,395.56666666666666,-0.11000000000001364,-2.759999999999991,-0.12000000000000455,-0.02120000000000033,0.0,Critical,1,2.117667636883592,Immediate Maintenance Required
41,202,-0.0002,0.0004,100.0,518.67,642.8,1594.17,1417.11,14.62,21.61,552.11,2388.12,9130.02,1.3,47.92,520.59,2388.14,8198.03,8.4752,0.03,397,2388,100.0,38.59,23.0607,14,643.088,643.101,643.0285,642.977,1418.31,1418.967,1418.1634999999999,1416.5663333333334,47.89,47.839000000000006,47.809999999999995,47.76266666666666,8.48038,8.48482,8.48056,8.47447,395.8,395.4,395.1,394.8,-0.2800000000000864,0.4299999999998363,-0.03999999999999915,0.006899999999999906,1.0,Critical,6,16.889206349206347,Immediate Maintenance Required
42,140,0.001,-0.0005,100.0,518.67,642.37,1594.72,1405.4,14.62,21.61,553.19,2388.12,9062.11,1.3,47.66,520.62,2388.14,8140.04,8.4194,0.03,393,2388,100.0,38.81,23.333,56,642.652,642.667,642.7555,642.7216666666666,1407.1979999999999,1407.493,1407.219,1406.989,47.698,47.631,47.5745,47.54966666666667,8.439319999999999,8.44844,8.446565,8.44627,393.2,393.6,393.35,393.3,-0.57000000000005,0.18000000000006366,-0.010000000000005116,0.01750000000000007,-1.0,Warning,21,58.86752741179915,Schedule Maintenance Soon
43,162,-0.0019,-0.0004,100.0,518.67,642.39,1589.28,1403.67,14.62,21.61,553.82,2388.17,9054.62,1.3,47.61,521.35,2388.19,8126.98,8.4698,0.03,393,2388,100.0,38.64,23.3072,45,642.564,642.608,642.601,642.6593333333334,1408.7540000000001,1408.19,1408.0585,1407.3166666666666,47.576,47.533,47.546499999999995,47.527,8.45614,8.463289999999999,8.44672,8.441013333333334,393.0,392.9,393.0,392.93333333333334,-0.4700000000000273,-2.769999999999982,0.07000000000000028,0.023699999999999832,0.0,Critical,17,46.79987301587302,Immediate Maintenance Required
44,46,-0.0008,0.0003,100.0,518.67,641.89,1590.64,1398.48,14.62,21.61,553.87,2388.03,9066.21,1.3,47.33,521.81,2388.05,8149.15,8.4166,0.03,391,2388,100.0,38.97,23.3787,146,642.376,642.3209999999999,642.3135,642.255,1400.554,1398.739,1399.124,1399.9883333333332,47.239999999999995,47.25,47.275999999999996,47.27133333333334,8.40718,8.404160000000001,8.406485,8.407869999999999,391.8,391.7,391.75,391.6666666666667,-0.43000000000006366,3.630000000000109,0.0,0.038000000000000256,0.0,Warning,53,146.2212498223868,Schedule Maintenance Soon
45,129,0.0014,-0.0001,100.0,518.67,643.41,1592.32,1407.04,14.62,21.61,552.35,2388.05,9075.13,1.3,47.57,520.91,2388.05,8157.31,8.4692,0.03,395,2388,100.0,38.57,23.1598,29,642.796,642.7660000000001,642.7315,642.6983333333334,1409.288,1410.675,1409.5875,1407.8653333333334,47.65,47.578,47.528499999999994,47.501666666666665,8.46742,8.462390000000001,8.443484999999999,8.438076666666667,394.0,393.9,393.55,393.3666666666667,0.8199999999999363,-5.690000000000055,-0.14000000000000057,-0.006699999999998596,1.0,Critical,11,30.117249103352364,Immediate Maintenance Required
46,229,0.0028,0.0001,100.0,518.67,643.35,1589.93,1428.51,14.62,21.61,551.78,2388.17,9054.46,1.3,47.67,521.53,2388.22,8135.05,8.4753,0.03,394,2388,100.0,38.59,23.215,27,643.066,643.048,643.007,642.9573333333334,1417.024,1416.9479999999999,1416.8275,1414.7856666666667,47.806,47.805,47.7795,47.739333333333335,8.47136,8.46851,8.465900000000001,8.461633333333333,395.2,394.8,394.15,394.0,0.6000000000000227,15.1400000000001,-0.0899999999999963,-0.012699999999998823,-2.0,Critical,12,32.255126033170804,Immediate Maintenance Required
47,10,0.0009,-0.0005,100.0,518.67,641.86,1587.28,1400.35,14.62,21.61,554.04,2388.02,9070.63,1.3,47.12,522.09,2388.05,8145.79,8.395,0.03,392,2388,100.0,38.97,23.3734,204,641.792,641.9390000000001,641.9390000000001,641.9390000000001,1399.492,1398.522,1398.522,1398.522,47.196,47.173,47.173,47.173,8.39108,8.3876,8.3876,8.3876,391.2,391.2,391.2,391.2,0.05000000000006821,4.2999999999999545,-0.1700000000000017,-0.020800000000001262,0.0,Healthy,75,208.23605949363184,Operating Normally
48,219,0.0028,-0.0002,100.0,518.67,643.35,1601.96,1422.96,14.62,21.61,552.45,2388.08,9183.28,1.3,47.87,520.87,2388.1,8247.86,8.4863,0.03,396,2388,100.0,38.45,23.1485,12,643.2880000000001,643.149,642.9730000000001,642.9206666666666,1417.626,1416.266,1415.4660000000001,1414.2396666666666,47.75,47.766,47.6945,47.63433333333333,8.49726,8.4839,8.47616,8.467103333333334,396.4,395.7,395.3,394.8333333333333,0.01999999999998181,7.829999999999927,0.27999999999999403,-0.026799999999999713,1.0,Critical,4,12.446666666666667,Immediate Maintenance Required
49,201,-0.0013,-0.0003,100.0,518.67,643.55,1600.32,1423.72,14.62,21.61,552.66,2388.28,9058.26,1.3,47.92,520.29,2388.21,8133.05,8.4657,0.03,396,2388,100.0,38.55,23.1569,14,643.578,643.47,643.2345,643.2226666666667,1425.9,1425.949,1422.9675000000002,1421.4773333333333,48.054,48.03,47.966,47.916666666666664,8.493739999999999,8.49478,8.49607,8.492623333333333,395.2,394.9,395.0,394.9,0.14999999999997726,-1.4400000000000546,-0.18999999999999773,-0.03059999999999974,1.0,Critical,5,14.04972222222222,Immediate Maintenance Required
50,66,-0.002,-0.0002,100.0,518.67,642.52,1584.84,1407.86,14.62,21.61,553.52,2388.05,9065.0,1.3,47.58,521.98,2388.03,8142.94,8.4272,0.03,392,2388,100.0,38.96,23.2587,132,642.35,642.4739999999999,642.397,642.3696666666667,1406.0620000000001,1405.524,1405.5520000000001,1404.863,47.424,47.376,47.406,47.38733333333333,8.42966,8.42079,8.42517,8.42371,392.6,392.8,392.7,392.56666666666666,0.2799999999999727,2.729999999999791,0.3399999999999963,-0.026500000000000412,-1.0,Warning,52,143.76773838861754,Schedule Maintenance Soon
51,10,0.0044,-0.0003,100.0,518.67,641.95,1579.59,1395.93,14.62,21.61,554.78,2387.99,9061.13,1.3,47.13,522.07,2387.98,8152.59,8.3868,0.03,392,2388,100.0,39.04,23.4171,203,642.19,642.186,642.186,642.186,1397.58,1397.843,1397.843,1397.843,47.2,47.194,47.194,47.194,8.391839999999998,8.3934,8.3934,8.3934,390.8,391.2,391.2,391.2,0.030000000000086402,4.740000000000009,-0.0899999999999963,-0.00140000000000029,-1.0,Healthy,73,203.71869901213233,Operating Normally
52,10,-0.0003,-0.0001,100.0,518.67,642.87,1591.95,1408.29,14.62,21.6,553.55,2388.11,9048.65,1.3,47.53,521.53,2388.12,8133.98,8.4214,0.03,392,2388,100.0,38.9,23.3184,203,642.808,642.755,642.755,642.755,1406.24,1407.077,1407.077,1407.077,47.464,47.451,47.451,47.451,8.42626,8.43112,8.43112,8.43112,392.8,393.0,393.0,393.0,0.01999999999998181,-7.069999999999936,-0.04999999999999716,0.0004000000000008441,0.0,Healthy,70,192.73956816192998,Operating Normally
53,139,0.0,-0.0003,100.0,518.67,642.53,1589.31,1417.68,14.62,21.61,554.2,2388.04,9083.32,1.3,47.67,521.34,2388.07,8159.45,8.4686,0.03,393,2388,100.0,38.79,23.3027,56,642.7180000000001,642.696,642.7345,642.7016666666666,1410.7600000000002,1410.981,1410.732,1409.769,47.58,47.596,47.565000000000005,47.528333333333336,8.449259999999999,8.45419,8.447775,8.441600000000001,393.0,393.0,393.3,393.06666666666666,-0.07000000000005002,7.8900000000001,0.05000000000000426,0.0389999999999997,1.0,Warning,21,58.72814376364376,Schedule Maintenance Soon
54,166,-0.0003,0.0004,100.0,518.67,642.65,1584.04,1406.89,14.62,21.61,554.04,2388.0,9078.86,1.3,47.31,521.93,2388.04,8151.75,8.4772,0.03,393,2388,100.0,38.88,23.3116,91,642.4759999999999,642.53,642.358,642.3563333333333,1405.516,1404.368,1403.895,1403.5766666666666,47.33,47.355,47.3545,47.35133333333333,8.42358,8.42629,8.419345,8.417156666666665,392.4,392.5,392.65,392.53333333333336,0.36000000000001364,4.580000000000155,-0.09999999999999432,0.07729999999999926,2.0,Warning,34,93.58116462710584,Schedule Maintenance Soon
55,46,0.0005,-0.0005,100.0,518.67,642.3,1588.39,1404.44,14.62,21.61,553.59,2388.08,9051.27,1.3,47.4,521.79,2388.12,8129.26,8.4243,0.03,392,2388,100.0,38.87,23.2873,147,642.546,642.635,642.5609999999999,642.5313333333332,1402.758,1404.449,1404.8780000000002,1405.4423333333334,47.312,47.373000000000005,47.388999999999996,47.39766666666666,8.4327,8.4319,8.432325,8.432523333333332,392.8,392.7,392.7,392.6,-0.7599999999999909,4.990000000000009,0.14999999999999858,-0.006899999999999906,-2.0,Warning,54,149.63630169133137,Schedule Maintenance Soon
56,31,0.0012,0.0003,100.0,518.67,642.62,1589.65,1411.89,14.62,21.61,552.94,2388.13,9053.23,1.3,47.77,521.76,2388.15,8134.64,8.4368,0.03,394,2388,100.0,38.73,23.2379,244,642.682,642.595,642.6195,642.6533333333333,1407.184,1408.129,1407.774,1408.0593333333334,47.554,47.548,47.5675,47.57833333333333,8.44592,8.43845,8.438790000000001,8.439076666666667,393.8,393.6,393.6,393.6333333333333,0.08000000000004093,2.4300000000000637,0.3200000000000003,-0.024100000000000676,1.0,Healthy,84,234.15666666666667,Operating Normally
57,106,-0.0017,0.0003,100.0,518.67,642.78,1592.44,1417.99,14.62,21.61,553.42,2388.19,9042.35,1.3,47.68,521.23,2388.14,8124.03,8.4841,0.03,394,2388,100.0,38.44,23.2652,31,642.792,642.853,642.7805000000001,642.7616666666667,1415.348,1412.739,1410.512,1408.8266666666666,47.672000000000004,47.650999999999996,47.608999999999995,47.57966666666666,8.46576,8.46397,8.455834999999999,8.448246666666666,394.2,393.7,393.65,393.3666666666667,-0.41000000000008185,2.9600000000000364,-0.10000000000000142,0.010400000000000631,2.0,Critical,13,36.44739804639805,Immediate Maintenance Required
58,126,0.0003,0.0001,100.0,518.67,643.11,1599.4,1419.61,14.62,21.61,553.6,2388.16,9052.17,1.3,47.68,520.85,2388.24,8133.64,8.4776,0.03,394,2388,100.0,38.77,23.1867,21,643.208,643.001,642.9304999999999,642.8536666666666,1417.1280000000002,1416.2530000000002,1414.4585,1413.3650000000002,47.79,47.793,47.718,47.66766666666667,8.47072,8.473090000000001,8.467315000000001,8.462223333333334,394.8,394.4,394.25,394.0,-0.5800000000000409,-1.7000000000000455,-0.14000000000000057,0.027700000000001168,-1.0,Critical,8,23.26370009545226,Immediate Maintenance Required
59,219,0.0027,-0.0005,100.0,518.67,643.27,1599.87,1417.33,14.62,21.61,552.05,2388.25,9071.83,1.3,47.96,519.96,2388.22,8138.8,8.5069,0.03,395,2388,100.0,38.55,23.0707,12,643.232,643.159,643.071,643.0083333333333,1418.834,1419.4,1418.5575,1417.2530000000002,47.922000000000004,47.908,47.8435,47.78933333333334,8.5048,8.4934,8.483130000000001,8.474703333333334,395.2,395.0,394.8,394.7,-0.37000000000000455,3.1499999999998636,0.03999999999999915,-0.02490000000000059,0.0,Critical,5,15.16603703703704,Immediate Maintenance Required
60,77,-0.0017,-0.0005,100.0,518.67,643.31,1590.56,1408.98,14.62,21.61,553.24,2388.13,9061.59,1.3,47.7,521.47,2388.08,8136.33,8.4462,0.03,392,2388,100.0,38.73,23.3321,95,642.716,642.6510000000001,642.6345,642.578,1406.75,1406.959,1407.3105,1406.4476666666667,47.489999999999995,47.507999999999996,47.496500000000005,47.499,8.42568,8.42928,8.435615,8.435573333333332,392.4,392.8,392.85,392.8,1.2099999999999227,3.259999999999991,0.3400000000000034,0.01589999999999847,0.0,Warning,40,111.74529030009502,Schedule Maintenance Soon
61,20,-0.0007,-0.0005,100.0,518.67,641.97,1587.01,1391.93,14.62,21.61,555.09,2388.08,9057.3,1.3,47.2,522.19,2388.0,8141.07,8.4138,0.03,390,2388,100.0,39.08,23.3209,165,642.146,642.16,642.074,642.074,1395.8020000000001,1397.077,1396.2065,1396.2065,47.088,47.120999999999995,47.15,47.15,8.39832,8.390130000000001,8.391715,8.391715,390.0,390.8,390.95,390.95,0.2300000000000182,-3.3799999999998818,0.23000000000000398,0.0259999999999998,0.0,Healthy,64,177.98549952675197,Operating Normally
62,20,0.0018,0.0004,100.0,518.67,642.91,1585.24,1414.27,14.62,21.61,553.65,2388.08,9060.28,1.3,47.63,521.21,2388.13,8133.29,8.4684,0.03,394,2388,100.0,38.81,23.1553,160,642.712,642.738,642.615,642.615,1408.284,1409.058,1409.538,1409.538,47.628,47.644,47.596500000000006,47.596500000000006,8.4429,8.449180000000002,8.4511,8.4511,392.8,392.6,393.05,393.05,0.5499999999999545,7.009999999999991,-0.10999999999999943,0.03850000000000087,1.0,Healthy,58,160.85258682944436,Operating Normally
63,156,-0.0012,-0.0001,100.0,518.67,643.52,1603.83,1423.34,14.62,21.61,552.92,2388.16,9125.95,1.3,47.84,520.52,2388.11,8195.81,8.5023,0.03,395,2388,100.0,38.51,23.2323,18,643.144,643.096,643.0175,642.9406666666666,1417.868,1418.273,1417.262,1416.0746666666666,47.774,47.783,47.7745,47.73799999999999,8.480080000000001,8.47724,8.47524,8.469826666666666,395.0,394.5,394.45,394.1666666666667,0.5,13.789999999999964,-0.0799999999999983,0.00820000000000043,-1.0,Critical,9,24.43870370370371,Immediate Maintenance Required
64,10,0.0007,0.0001,100.0,518.67,642.05,1589.08,1400.76,14.62,21.61,553.58,2388.06,9058.7,1.3,47.46,521.95,2388.1,8137.78,8.4355,0.03,394,2388,100.0,38.73,23.3419,273,642.5260000000001,642.444,642.444,642.444,1401.8,1403.887,1403.887,1403.887,47.45,47.423,47.423,47.423,8.433919999999999,8.42767,8.42767,8.42767,393.6,393.2,393.2,393.2,-0.5300000000000864,-2.589999999999918,0.020000000000003126,-0.015700000000000713,1.0,Healthy,90,248.8458790364008,Operating Normally
65,85,0.0003,0.0003,100.0,518.67,642.62,1581.87,1403.94,14.62,21.61,553.91,2388.06,9054.86,1.3,47.16,521.67,2388.04,8141.73,8.4167,0.03,391,2388,100.0,38.86,23.3541,68,642.458,642.376,642.2365,642.2696666666667,1399.976,1401.113,1401.2404999999999,1400.7703333333334,47.314,47.31699999999999,47.3015,47.278666666666666,8.415420000000001,8.40818,8.40961,8.407403333333333,392.2,392.5,392.3,392.3333333333333,0.32000000000005,2.630000000000109,-0.2600000000000051,0.031200000000000117,-1.0,Warning,27,75.87533663162235,Schedule Maintenance Soon
66,96,0.0019,0.0004,100.0,518.67,642.84,1590.28,1411.8,14.62,21.61,552.41,2388.12,9066.07,1.3,47.65,520.92,2388.15,8136.12,8.4746,0.03,393,2388,100.0,38.63,23.2604,106,642.764,642.8639999999999,642.8165,642.8066666666667,1411.6799999999998,1412.806,1412.8474999999999,1412.4773333333333,47.688,47.69799999999999,47.6775,47.662,8.45724,8.4468,8.450935,8.453496666666668,394.0,394.0,394.2,394.06666666666666,0.08000000000004093,-0.20000000000004547,0.17999999999999972,0.04980000000000118,-3.0,Warning,33,91.4271164021164,Schedule Maintenance Soon
67,47,-0.0,0.0003,100.0,518.67,642.69,1585.13,1412.07,14.62,21.61,553.57,2388.05,9057.16,1.3,47.51,522.6,2388.12,8141.4,8.4189,0.03,392,2388,100.0,38.77,23.3956,266,642.296,642.36,642.441,642.4419999999999,1405.3139999999999,1404.002,1403.5805,1403.5743333333335,47.372,47.371,47.39149999999999,47.40200000000001,8.403500000000001,8.4107,8.416625,8.418053333333335,392.2,392.1,392.35,392.3,0.4600000000000364,4.119999999999891,0.1599999999999966,0.034000000000000696,-2.0,Healthy,86,239.3669610419833,Operating Normally
68,83,0.0004,-0.0003,100.0,518.67,642.79,1594.49,1402.52,14.62,21.61,553.7,2388.06,9073.4,1.3,47.55,521.36,2388.08,8140.79,8.4291,0.03,392,2388,100.0,38.75,23.3627,116,642.5219999999999,642.6020000000001,642.6310000000001,642.5896666666667,1404.23,1406.629,1406.817,1407.2106666666666,47.455999999999996,47.504000000000005,47.5075,47.49133333333334,8.44128,8.438059999999998,8.43386,8.437293333333333,393.0,392.9,392.65,392.73333333333335,0.40999999999996817,-3.9500000000000455,0.17999999999999972,-0.011499999999999844,-2.0,Warning,39,108.63948301667199,Schedule Maintenance Soon
69,164,-0.0004,-0.0005,100.0,518.67,642.67,1591.85,1405.05,14.62,21.61,554.14,2388.09,9053.77,1.3,47.38,521.88,2388.08,8139.52,8.4282,0.03,392,2388,100.0,38.98,23.1519,198,642.468,642.5429999999999,642.4770000000001,642.4590000000001,1404.6039999999998,1403.6970000000001,1404.4895000000001,1404.9370000000001,47.428,47.428000000000004,47.436499999999995,47.42066666666666,8.4227,8.42611,8.428889999999999,8.425626666666666,392.6,392.8,392.6,392.7,-0.2900000000000773,-4.680000000000064,-0.0799999999999983,0.02940000000000076,0.0,Healthy,67,187.06020293072925,Operating Normally
70,106,-0.002,0.0003,100.0,518.67,643.26,1597.27,1409.21,14.62,21.61,553.05,2388.14,9067.86,1.3,47.7,520.82,2388.1,8147.01,8.442,0.03,392,2388,100.0,38.63,23.3283,31,643.108,643.016,643.01,642.8663333333333,1414.5320000000002,1413.3029999999999,1412.3290000000002,1411.2286666666666,47.676,47.702999999999996,47.68,47.623000000000005,8.45442,8.44833,8.447265,8.443996666666667,393.0,393.4,393.45,393.3666666666667,0.2599999999999909,-12.450000000000045,-0.04999999999999716,-0.016500000000000625,-1.0,Critical,14,37.74333333333333,Immediate Maintenance Required
71,162,0.002,-0.0003,100.0,518.67,642.53,1594.16,1413.89,14.62,21.61,553.31,2388.11,9077.59,1.3,47.7,520.81,2388.13,8158.69,8.4446,0.03,394,2388,100.0,38.74,23.2595,46,642.93,642.955,642.9010000000001,642.8473333333333,1417.3619999999999,1414.727,1413.4725,1413.5466666666666,47.762,47.713,47.687,47.63833333333333,8.4668,8.4612,8.45976,8.460176666666666,394.4,394.1,394.1,393.93333333333334,-0.04000000000007731,-4.039999999999964,-0.01999999999999602,-0.03340000000000032,0.0,Critical,16,44.29955451403182,Immediate Maintenance Required
72,10,-0.0005,-0.0005,100.0,518.67,642.27,1589.65,1398.02,14.62,21.61,553.59,2388.05,9042.12,1.3,47.4,521.61,2388.08,8132.72,8.4002,0.03,391,2388,100.0,39.03,23.2579,203,642.1880000000001,642.38,642.38,642.38,1401.764,1401.017,1401.017,1401.017,47.416000000000004,47.410000000000004,47.410000000000004,47.410000000000004,8.4032,8.41685,8.41685,8.41685,392.4,392.5,392.5,392.5,0.01999999999998181,3.3199999999999363,-0.060000000000002274,0.032399999999999096,-3.0,Healthy,70,195.31688903908673,Operating Normally
73,10,0.0007,0.0003,100.0,518.67,643.07,1586.84,1415.07,14.62,21.61,553.0,2388.19,9040.87,1.3,47.44,521.0,2388.1,8122.34,8.4523,0.03,392,2388,100.0,38.92,23.3222,203,642.708,642.79,642.79,642.79,1410.85,1410.394,1410.394,1410.394,47.55,47.543,47.543,47.543,8.44716,8.44348,8.44348,8.44348,392.8,392.7,392.7,392.7,0.18000000000006366,1.8999999999998636,-0.09000000000000341,-0.001200000000000756,0.0,Healthy,70,195.00169578671665,Operating Normally
74,101,-0.0016,-0.0004,100.0,518.67,642.26,1586.88,1404.66,14.62,21.61,552.68,2388.11,9062.51,1.3,47.38,521.63,2388.07,8142.7,8.4264,0.03,393,2388,100.0,39.02,23.4033,65,642.8599999999999,642.5899999999999,642.5125,642.4953333333334,1405.324,1405.432,1405.7745,1404.8833333333334,47.458,47.441,47.407,47.398,8.43342,8.434729999999998,8.42864,8.42568,392.4,392.4,392.35,392.1666666666667,-0.5499999999999545,3.5,-0.03999999999999915,-0.019099999999999895,1.0,Warning,25,70.17527551832698,Schedule Maintenance Soon
75,217,-0.0018,-0.0002,100.0,518.67,643.6,1596.2,1430.28,14.62,21.61,551.43,2388.27,9027.88,1.3,47.79,520.18,2388.28,8105.24,8.5033,0.03,397,2388,100.0,38.7,23.0906,12,643.318,643.342,643.379,643.3273333333333,1427.828,1425.971,1424.509,1422.9283333333333,47.976,47.998000000000005,47.9885,47.958999999999996,8.498619999999999,8.50331,8.495885,8.4878,395.8,395.8,395.55,395.46666666666664,0.5600000000000591,3.740000000000009,-0.1700000000000017,0.033500000000000085,1.0,Critical,4,11.636333333333333,Immediate Maintenance Required
76,31,0.0036,-0.0003,100.0,518.67,643.1,1595.99,1403.25,14.62,21.61,553.55,2388.11,9051.59,1.3,47.55,521.39,2388.11,8134.13,8.4742,0.03,392,2388,100.0,38.74,23.2797,179,642.82,642.76,642.7515000000001,642.7196666666666,1406.684,1408.257,1409.2145,1408.757,47.484,47.566,47.525999999999996,47.49966666666667,8.461279999999999,8.46047,8.44628,8.44528,393.2,393.4,393.2,393.1666666666667,0.5800000000000409,-9.63000000000011,0.14999999999999858,-0.0035000000000007248,0.0,Healthy,63,174.04500185049878,Operating Normally
77,16,0.0039,-0.0002,100.0,518.67,642.6,1583.71,1400.29,14.62,21.61,553.12,2388.14,9042.89,1.3,47.5,522.24,2388.07,8124.24,8.413,0.03,394,2388,100.0,38.98,23.4181,138,642.472,642.5699999999999,642.5131250000001,642.5131250000001,1404.038,1406.568,1406.6256250000001,1406.6256250000001,47.488,47.475,47.464375,47.464375,8.419319999999999,8.431239999999999,8.44164375,8.44164375,392.2,392.3,392.3125,392.3125,-0.049999999999954525,-4.190000000000055,-0.03999999999999915,-0.0018999999999991246,2.0,Warning,52,144.33655517340728,Schedule Maintenance Soon
78,219,0.0001,-0.0001,100.0,518.67,643.68,1605.06,1420.58,14.62,21.61,552.51,2388.19,9080.95,1.3,47.98,519.95,2388.28,8161.45,8.5145,0.03,396,2388,100.0,38.65,23.2159,12,643.376,643.254,643.1715,643.104,1424.066,1421.2959999999998,1419.059,1416.9840000000002,47.974000000000004,47.958999999999996,47.865500000000004,47.811666666666675,8.5055,8.49732,8.48825,8.480186666666667,395.2,395.1,394.85,394.43333333333334,0.2299999999999045,-2.8900000000001,0.00999999999999801,0.011400000000000077,0.0,Critical,4,11.987755381126812,Immediate Maintenance Required
79,83,-0.0033,0.0003,100.0,518.67,642.03,1581.53,1395.38,14.62,21.61,555.19,2388.04,9057.12,1.3,47.28,522.34,2387.98,8144.27,8.4081,0.03,391,2388,100.0,39.07,23.3026,116,642.028,641.9770000000001,642.0845,642.1383333333332,1398.43,1398.9479999999999,1399.3425,1398.6376666666665,47.236000000000004,47.253,47.227500000000006,47.199,8.404340000000001,8.40594,8.40606,8.402236666666667,391.2,391.6,391.7,391.8,0.30999999999994543,1.290000000000191,0.18999999999999773,-0.042200000000001125,-1.0,Warning,44,122.40697102039186,Schedule Maintenance Soon
80,20,-0.002,-0.0001,100.0,518.67,642.58,1588.29,1404.34,14.62,21.61,553.69,2388.14,9053.59,1.3,47.5,521.15,2388.08,8133.8,8.4597,0.03,393,2388,100.0,38.75,23.2536,165,642.382,642.6339999999999,642.6425,642.6425,1407.158,1408.807,1409.135,1409.135,47.605999999999995,47.601,47.565,47.565,8.44302,8.44177,8.43816,8.43816,393.0,392.9,393.2,393.2,-0.06999999999993634,-2.019999999999982,-0.21000000000000085,0.02829999999999977,2.0,Healthy,62,171.50888820680197,Operating Normally
81,25,0.0038,0.0003,100.0,518.67,642.61,1593.16,1404.99,14.62,21.61,553.27,2388.11,9053.71,1.3,47.36,521.9,2388.04,8139.7,8.4123,0.03,393,2388,100.0,38.85,23.2724,215,642.566,642.571,642.5115,642.5315999999999,1404.9180000000001,1404.297,1403.2730000000001,1403.6324,47.448,47.425,47.4375,47.4356,8.4225,8.42905,8.42529,8.427928000000001,392.8,392.6,392.35,392.32,0.5399999999999636,3.4200000000000728,-0.0799999999999983,-0.03780000000000072,1.0,Healthy,76,209.81875499443274,Operating Normally
82,10,0.0002,-0.0005,100.0,518.67,641.57,1580.98,1395.96,14.62,21.6,554.8,2388.0,9057.55,1.3,47.1,522.84,2387.94,8146.73,8.4018,0.03,391,2388,100.0,39.05,23.6184,204,641.9739999999999,641.984,641.984,641.984,1397.3,1397.776,1397.776,1397.776,47.108000000000004,47.161,47.161,47.161,8.38744,8.388589999999999,8.388589999999999,8.388589999999999,391.4,391.3,391.3,391.3,-0.4499999999999318,-0.7200000000000273,-0.12999999999999545,0.0343,0.0,Healthy,71,197.15381438270768,Operating Normally
83,85,-0.005,-0.0002,100.0,518.67,642.21,1580.18,1393.68,14.62,21.61,554.94,2388.02,9060.01,1.3,47.23,523.14,2388.04,8143.72,8.4168,0.03,392,2388,100.0,38.92,23.404,208,642.258,642.1360000000001,642.1105,642.1759999999999,1397.428,1399.134,1399.184,1398.9789999999998,47.187999999999995,47.163,47.1585,47.15,8.417959999999999,8.41215,8.406369999999999,8.40243,391.4,391.4,391.6,391.43333333333334,-0.4199999999999591,-4.980000000000018,0.1599999999999966,-0.016299999999999315,2.0,Healthy,73,202.72268055555554,Operating Normally
84,85,0.0019,-0.0003,100.0,518.67,642.82,1591.63,1407.63,14.62,21.61,553.34,2388.14,9043.64,1.3,47.64,520.7,2388.09,8128.46,8.4515,0.03,394,2388,100.0,38.79,23.1888,182,642.6379999999999,642.667,642.7535,642.783,1408.806,1411.359,1409.4375,1409.5906666666667,47.606,47.553999999999995,47.576499999999996,47.56666666666667,8.457519999999999,8.45032,8.451035000000001,8.448953333333334,393.8,393.8,393.75,393.6333333333333,0.12000000000000455,-1.4899999999997817,-0.10999999999999943,0.024199999999998667,1.0,Healthy,63,173.41407843137256,Operating Normally
85,184,-0.0004,-0.0,100.0,518.67,643.02,1604.28,1422.37,14.62,21.61,551.05,2388.27,9053.56,1.3,48.14,519.52,2388.24,8135.45,8.5141,0.03,396,2388,100.0,38.51,23.0506,4,643.374,643.384,643.3615,643.2493333333333,1425.594,1424.696,1422.2859999999998,1420.4286666666667,48.04600000000001,48.03,47.9825,47.93066666666667,8.50918,8.509089999999999,8.49513,8.487496666666667,395.8,396.0,395.2,395.1,-0.5099999999999909,-11.13000000000011,0.030000000000001137,0.0129999999999999,0.0,Critical,2,6.852762419150337,Immediate Maintenance Required
86,31,0.0011,0.0005,100.0,518.67,642.71,1593.2,1405.33,14.62,21.61,553.02,2388.11,9057.8,1.3,47.4,521.94,2388.06,8140.02,8.4428,0.03,392,2388,100.0,38.84,23.3273,247,642.4680000000001,642.511,642.5625,642.5806666666666,1407.78,1405.3790000000001,1404.4464999999998,1404.4613333333334,47.396,47.437,47.4195,47.42933333333334,8.437360000000002,8.436350000000001,8.428664999999999,8.428303333333334,392.2,392.6,392.45,392.43333333333334,0.5199999999999818,3.4099999999998545,0.14999999999999858,-0.022999999999999687,-1.0,Healthy,79,218.21721928171957,Operating Normally
87,20,0.0019,-0.0003,100.0,518.67,642.21,1588.65,1405.7,14.62,21.61,553.68,2388.07,9061.18,1.3,47.66,521.6,2388.03,8142.17,8.4972,0.03,393,2388,100.0,38.78,23.2224,158,642.516,642.492,642.4689999999999,642.4689999999999,1405.0639999999999,1405.4969999999998,1404.258,1404.258,47.495999999999995,47.458,47.421,47.421,8.4499,8.445240000000002,8.43642,8.43642,393.2,393.1,392.85,392.85,-0.6299999999999955,-4.819999999999936,0.12999999999999545,0.05480000000000018,0.0,Healthy,62,172.63607757107172,Operating Normally
88,10,-0.0011,-0.0001,100.0,518.67,642.38,1586.48,1409.88,14.62,21.61,554.23,2388.06,9063.6,1.3,47.32,522.22,2388.01,8147.11,8.4022,0.03,392,2388,100.0,38.86,23.2767,203,641.984,642.0809999999999,642.0809999999999,642.0809999999999,1401.678,1402.271,1402.271,1402.271,47.284,47.307,47.307,47.307,8.4035,8.40676,8.40676,8.40676,392.6,392.7,392.7,392.7,0.7699999999999818,7.0900000000001455,0.0,-0.0237999999999996,-1.0,Healthy,73,202.56411384668903,Operating Normally
89,206,0.0004,-0.0003,100.0,518.67,643.32,1597.98,1421.76,14.62,21.61,552.3,2388.2,9084.69,1.3,48.2,519.95,2388.21,8147.44,8.5319,0.03,397,2388,100.0,38.52,23.0154,11,643.6020000000001,643.434,643.3059999999999,643.2193333333333,1423.412,1423.3790000000001,1420.2814999999998,1418.044333333333,48.065999999999995,48.015,47.902499999999996,47.861,8.512519999999999,8.50822,8.491455,8.480986666666668,396.0,395.5,394.9,394.56666666666666,0.2400000000000091,0.8699999999998909,0.10999999999999943,0.05799999999999983,1.0,Critical,3,9.476046511627906,Immediate Maintenance Required
90,16,-0.0058,-0.0002,100.0,518.67,642.35,1582.18,1403.28,14.62,21.61,554.19,2388.04,9041.77,1.3,47.09,522.5,2388.03,8140.01,8.4098,0.03,391,2388,100.0,39.18,23.3494,138,642.304,642.3309999999999,642.2675,642.2675,1400.8080000000002,1399.2810000000002,1399.138125,1399.138125,47.206,47.220000000000006,47.200625,47.200625,8.39058,8.39475,8.40275,8.40275,391.6,391.6,391.5625,391.5625,0.22000000000002728,10.539999999999964,-0.02999999999999403,0.018700000000000827,-1.0,Warning,53,146.55223222505472,Schedule Maintenance Soon
91,99,0.001,-0.0004,100.0,518.67,643.27,1593.78,1419.08,14.62,21.61,552.11,2388.19,9061.19,1.3,47.9,520.6,2388.21,8126.39,8.4945,0.03,394,2388,100.0,38.71,23.1203,36,643.216,643.037,642.9885,643.019,1418.152,1418.218,1417.202,1416.498,47.78,47.746,47.769,47.742333333333335,8.48796,8.47814,8.47682,8.469193333333333,394.4,394.1,394.3,394.23333333333335,-0.009999999999990905,1.449999999999818,0.1599999999999966,-0.005300000000000082,-1.0,Critical,13,36.48683237133237,Immediate Maintenance Required
92,323,0.0024,0.0001,100.0,518.67,643.07,1605.0,1426.18,14.62,21.61,552.27,2388.23,9123.43,1.3,47.93,520.62,2388.19,8191.07,8.4639,0.03,395,2388,100.0,38.4,23.1423,18,643.3539999999999,643.286,643.1765,643.178,1424.1240000000003,1422.934,1421.721,1420.301,48.019999999999996,48.024,47.9495,47.90233333333333,8.49818,8.49208,8.496970000000001,8.488403333333334,396.0,395.6,395.55,395.1,-0.029999999999972715,4.2999999999999545,-0.00999999999999801,-0.050499999999999545,-1.0,Critical,6,17.93,Immediate Maintenance Required
93,82,-0.0006,-0.0004,100.0,518.67,642.62,1587.91,1404.35,14.62,21.61,553.69,2388.05,9068.04,1.3,47.44,521.65,2388.06,8140.86,8.4398,0.03,393,2388,100.0,38.87,23.3893,73,642.376,642.387,642.32,642.297,1404.984,1404.6730000000002,1403.2580000000003,1402.505,47.338,47.372,47.38549999999999,47.382,8.42088,8.42775,8.41413,8.41401,392.6,392.2,392.55,392.4,0.11000000000001364,-0.5600000000001728,0.030000000000001137,0.013299999999999201,2.0,Warning,30,82.07105555555555,Schedule Maintenance Soon
94,67,-0.0008,-0.0001,100.0,518.67,642.62,1591.29,1409.3,14.62,21.61,553.52,2388.11,9042.71,1.3,47.69,521.26,2388.17,8129.26,8.4171,0.03,392,2388,100.0,38.83,23.2782,191,642.6379999999999,642.684,642.7335,642.6853333333333,1408.542,1407.908,1407.803,1408.315,47.634,47.571000000000005,47.544,47.55233333333334,8.4327,8.43324,8.443255,8.441843333333333,393.2,393.0,393.25,393.1333333333333,-0.09000000000003183,0.2899999999999636,0.04999999999999716,-0.02210000000000001,-1.0,Healthy,64,176.70986097231543,Operating Normally
95,10,0.004,-0.0004,100.0,518.67,641.97,1580.85,1392.92,14.62,21.61,554.64,2387.95,9079.37,1.3,47.05,522.32,2387.96,8150.62,8.3772,0.03,392,2388,100.0,39.07,23.435,273,642.092,642.134,642.134,642.134,1395.9260000000002,1394.4,1394.4,1394.4,47.158,47.111000000000004,47.111000000000004,47.111000000000004,8.40092,8.39949,8.39949,8.39949,391.4,392.1,392.1,392.1,-0.32999999999992724,-10.309999999999945,-0.12000000000000455,-0.02880000000000038,1.0,Healthy,98,271.69,Operating Normally
96,73,-0.0005,0.0004,100.0,518.67,643.0,1582.73,1402.55,14.62,21.61,553.97,2388.06,9044.52,1.3,47.32,522.23,2388.1,8130.69,8.4065,0.03,395,2388,100.0,38.96,23.4397,263,642.6279999999999,642.356,642.3444999999999,642.309,1401.452,1401.174,1402.049,1401.4886666666666,47.328,47.298,47.3275,47.31133333333333,8.41558,8.41224,8.415299999999998,8.415716666666667,392.2,391.9,391.95,392.03333333333336,0.8999999999999773,0.7899999999999636,0.04999999999999716,0.0027999999999988034,4.0,Healthy,84,233.53877000029374,Operating Normally
97,96,-0.0009,0.0003,100.0,518.67,642.54,1585.88,1403.22,14.62,21.61,553.66,2388.04,9054.08,1.3,47.32,521.93,2388.04,8134.95,8.4238,0.03,393,2388,100.0,38.88,23.3649,106,642.308,642.268,642.2565000000001,642.3133333333334,1400.6280000000002,1402.462,1402.6045,1402.1023333333333,47.418,47.345,47.36,47.333333333333336,8.4087,8.40882,8.410475,8.41282,392.6,392.3,392.15,392.06666666666666,-0.16000000000008185,3.9700000000000273,-0.13000000000000256,0.0387000000000004,1.0,Warning,39,108.22027791684803,Schedule Maintenance Soon
98,97,-0.0047,0.0003,100.0,518.67,642.45,1590.32,1398.2,14.62,21.61,554.3,2388.08,9070.62,1.3,47.47,521.07,2388.1,8144.43,8.4309,0.03,392,2388,100.0,39.12,23.2567,59,642.402,642.4570000000001,642.4525,642.4633333333333,1405.404,1404.243,1403.2914999999998,1402.5546666666667,47.486000000000004,47.455,47.429500000000004,47.401,8.43604,8.43927,8.4293,8.425036666666665,392.0,392.4,392.3,392.26666666666665,0.18000000000006366,-12.0,0.14999999999999858,-0.007500000000000284,0.0,Warning,26,71.3442345344225,Schedule Maintenance Soon
99,20,-0.0025,-0.0004,100.0,518.67,642.38,1580.21,1398.14,14.62,21.61,553.91,2388.0,9051.56,1.3,47.37,522.32,2388.06,8137.24,8.378,0.03,391,2388,100.0,38.9,23.3528,165,642.3399999999999,642.374,642.2270000000001,642.2270000000001,1402.972,1402.248,1400.846,1400.846,47.292,47.251999999999995,47.2735,47.2735,8.3981,8.401079999999999,8.404255000000001,8.404255000000001,392.2,392.4,391.95,391.95,-0.17999999999994998,-3.740000000000009,0.0899999999999963,-0.00569999999999915,-2.0,Healthy,62,172.6305446493023,Operating Normally
100,96,0.0003,-0.0005,100.0,518.67,642.92,1580.58,1410.85,14.62,21.61,553.22,2388.06,9066.69,1.3,47.48,521.21,2388.1,8148.3,8.4191,0.03,394,2388,100.0,38.77,23.199,104,642.7860000000001,642.6940000000001,642.602,642.5656666666666,1408.282,1406.772,1406.6815000000001,1407.2906666666668,47.498,47.479,47.507,47.48866666666666,8.422740000000001,8.433359999999999,8.4333,8.431373333333333,393.0,393.0,393.25,393.03333333333336,0.2799999999999727,5.429999999999836,0.00999999999999801,-0.0032999999999994145,1.0,Warning,36,99.56170252596733,Schedule Maintenance Soon
